Name;Anzahl
Šimon;1
İsa;1
Çınar;1
Çesur;1
Çinar;1
Çuma;1
Ábel;1
Ádám;1
Đuc;1
Aadit;1
Aaron;15
Aaron;1
Aathi;1
Abass;1
Abbas;4
Abd;1
Abdalrahman;1
Abdel;1
Abdelaziz;1
Abdelghany;1
Abdel-Hamid;1
Abdelkadir;1
Abdelmagid;1
Abdelmalik;1
Abdelrahman;1
Abdeslam;1
Abdo;1
Abdoul;1
Abdu;1
Abdul;1
Abdulaziz;2
Abdulbasd;1
Abdullah;5
Abdulrahim;1
Abdulrahman;1
Abdul-Rahman;1
Abdurahman;1
Abdurrahman;1
Abel;2
Abhiraj;1
Aboubacar;1
Aboubacar-Tiemoko;1
Abraz;1
Abtin;2
Abu;2
Abubakr;1
Achillefs;1
Achilles;1
Achraf;1
Achraf;1
Ada;1
Adam;36
Adar;1
Adebayo;1
Adem;3
Adhrit;1
Admir;1
Adnan;1
Adonai;1
Adrian;22
Adriano;1
Adrien;2
Adrijan;1
Adu;1
Advaith;1
Aennias;1
Aggelos;1
Agustin;1
Aharon;1
Aharv;1
Ahmad;2
Ahmed;8
Ahmedovič;1
Ahmet;3
Aidan;1
Aiden;4
Aimé;1
Aimery;1
Aivén;1
Akan;1
Akay;1
Akhmad;1
Akif-Eren;1
Akihide;1
Akito;1
Akram;1
Al;1
Alain;1
Alain-Omar;1
Alan;4
Alaz;1
Albert;13
Alberto;1
Albertus;1
Albin;2
Albrecht;1
Aldrin;1
Alec;1
Alejandro;1
Alek;1
Aleksandar;4
Aleksander;2
Aleksandr;1
Alen;1
Alessandro;2
Alessio;5
Alex;5
Alexander;106
Alexandre;5
Alexandros;2
Alex-Armando;1
Alexey;1
Alexios;1
Alexis;8
Alfie;1
Alfons;1
Alfred;2
Ali;17
Alihan;1
Ali-Musa;1
Aliou;1
Alirza;1
Alistair;1
Allag;1
Allah;1
Alland;1
Almir;1
Alois;1
Alon;1
Alonzo-Rob;1
Alp;1
Alparslan;1
Alper;2
Alperen;2
Alptug;1
Alrahman;1
Altaïr;1
Altay;2
Alvin;1
Alwin;2
Alwyn;1
Amadeo;1
Amadeus;1
Amar;3
Amar-Amin;1
Amaru;1
Amed;1
Amenyo;1
Ömer;6
Ömer-Seyfettin;1
Amin;15
Amir;18
Ammar;2
Amon;2
Amouzou;1
Amr;1
Amun;1
Amy;1
An;1
Anas;6
Andelko;1
Andi;1
André;3
Andranik;1
Andre;1
Andrea;2
Andreas;11
Andreas-Nicolas;1
Andrei;4
Andrej;1
Andri;1
Andrija;1
Andrzej;1
Andy;1
Anes;2
Angel;1
Angelo;5
Angelos;2
Angelov;1
Anh;1
Anh-Dung;1
Animon;1
Anis;3
Ansgar;1
Ante;3
Anthony;3
Antoine;1
Anton;64
Antona;1
Antoni;1
Antonino;1
Antonio;3
Antonis;1
Antonius;2
Anton-Sebastian;1
Anuar;2
Üveys;1
Aos;1
Aphraim;1
Apoorva;1
Arad;1
Aran;2
Aras;4
Arash;1
Aras-Halit;1
Arbnor;1
Archibald;1
Arda;2
Arda-Mustafa;1
Ardan;1
Arden;1
Ares;1
Arezki;1
Ari;1
Arian;6
Aris;1
Arkadiusz;1
Armando;1
Armani;1
Armin;8
Arnar;1
Arne;5
Arnet;1
Arno;1
Arnold;1
Aron;6
Arpanmeet;1
Arselio;1
Arsenij;1
Arthur;7
Artian;2
Artur;3
Artyom;1
Arvid;1
Arvin;3
Arya;1
Aryanveer;1
Aryanvir;1
Ashraf;1
Ata;1
Ateş;1
Athanasios;2
Atila;1
Atilla;1
Ato;1
Atsuto;1
August;8
Augustin;2
Aurelio;4
Aurelius;3
Auron-Guri;1
Ava;1
Avdirahm;1
Ėvert;1
Avi;1
Avraz;1
Avyaan;1
Axel;2
Ayam;1
Ayansh;1
Ayaz;1
Aydin;1
Aykut;1
Ayman;5
Aymane;1
Ayman-Elias;1
Ayoub;3
Ayush;1
Ayxan;1
Ayyoub;1
Azad;2
Azemijan;1
Şeyhmus;1
Aziz;1
Azizovič;1
Azouz;1
Ştefan;1
Azzurro;1
Béla;1
Béla-Raphael;1
Babacz;1
Bahaa;1
Bahat;1
Bakar;1
Baker;1
Baki;1
Bakr;2
Bakri;1
Balša;1
Baldur;1
Balthazar;1
Bamidele;1
Bao;1
Baptiste;1
Barış;1
Barae;1
Baran;1
Bardia;1
Bariş;1
Baris;1
Barri;1
Barry;1
Bas;1
Baschir;1
Basel;1
Bashir;1
Basile;1
Bastian;1
Batice;1
Batu;2
Bawi;1
Beau;1
Bebars;1
Behal;1
Bei;1
Bejtullah;1
Bekir;2
Bela;2
Ben;64
Benan-Jiyan;1
Ben-Christian;1
Benedict;2
Benedikt;14
Benett;1
Beniel;1
Benito;1
Benjamin;34
Ben-Logan;1
Bennet;8
Bennett;1
Benno;5
Bent;3
Benyamin;2
Beqir;1
Beran;1
Berat;1
Bernard;4
Bernd;3
Berndt;1
Bernhard;4
Bertalan;1
Bijan;1
Biko;1
Bilal;3
Bilguudei;1
Bilguun;1
Bill;1
Biyan;1
Björn;1
Bjarne;2
Blake;2
Blaze;1
Blippi;1
Bo;2
Bodhi;1
Bodie;1
Boris;1
Borislav;1
Borisovič;1
Boubakar;1
Boules;1
Bowen;1
Brandon;1
Brick;1
Brooklyn;1
Bruce;1
Bruno;19
Bryan;2
Bryan-Michael;1
Burhan;1
Butrint;1
Caden;1
Caio;1
Caius;1
Cajus;1
Caleb;2
Camill;1
Camilo;3
Can;10
Can-Berk;1
Cansın;1
Carl;28
Carl-Ludwig;1
Carlo;11
Carlos;1
Carl-Philipp;1
Carsten;1
Casimir;5
Caspar;11
Casper;6
Castiel;1
Caven;1
Cebrail;1
Cedric;1
Celal;1
Cengiz;1
Cesur;2
Charles;3
Charlie;1
Charly;1
Chasan;1
Chen;1
Chenzo;1
Chi-Hei;1
Chikadi;1
Chimdive;1
Choiab;1
Chris;2
Christian;21
Christof;2
Christoph;5
Christopher;3
Christos;1
Ciro;1
Ciwan;1
Clément;2
Claas;1
Claes;1
Clara;1
Claus;2
Cleansman;1
Clemens;13
Clemes;1
Clyde;1
Cohen;1
Collin;2
Conner;1
Connor;2
Conor;1
Conrad;2
Conrado;1
Constantin;18
Cornel;1
Cornelius;4
Corrado;1
Cosmo;1
Costantin;1
Crishan;1
Cristian;2
Cristiano;1
Crosby;1
Cyril;1
Dağhan;1
Dachuas;1
Dídac;1
Daehan;1
Dagobert;1
Daim;1
Daiusz;1
Dalian;1
Damian;8
Dan;1
Daner;1
Dani;1
Daniar;1
Daniel;29
Danieldeep;1
Daniel-Marco;1
Daniil;1
Danilo;3
Danush;1
Danyal;1
Daoud;4
Dara;1
Darío;1
Darek;1
Darian;1
Darias;1
Dario;3
Daris;2
Darius;3
Dariusz;2
Darvan;1
Daryl;1
Davi;1
David;82
Davide;1
David-Immanuel;1
Davin;1
Davoud;1
Davud;2
Dawid;1
Dawud;1
Dayan;3
De;1
Dean;5
Debarko;1
Deen;2
Dejvid;1
Delario;1
Delian;2
Delsuar;1
Demba;1
Demetrio;1
Demijen;1
Denis;2
Denis-Leo;1
Denisovič;1
Deniz;7
Deniz-Miraç;1
Dennis;1
Dervish;1
Detlef;1
Devaansh;1
Devin;2
Devin-Can;1
Devin-Ilias;1
Devran;2
Dewin;1
Dhian;1
Diaa;1
Diego;5
Diego-David;1
Dieter;2
Dietrich;2
Dijar;1
Dimitrios;2
Dimitrov;1
Dinesh;1
Dinis;1
Dino;1
Dinyo;1
Dion;2
Dionis;1
Divith;1
Djemail;1
Djibril;2
Djoulaibib;1
Dlscher;1
Dmitri;1
Dmitrievič;1
Dmitrivič;1
Domenic;1
Domenico;2
Dominic;1
Dominik;9
Donart;1
Dragan;2
Dubem;1
Dursun;1
Dwayne;1
Dylan;2
Dylan-Thanagrit;1
Dzan;1
Ștefan;1
Ebenezer;1
Ebu;1
Ebu-Bekir;1
Echezonachi;1
Eckard;1
Eckhard;1
Eddie;1
Eden;1
Edgar;3
Edin;1
Edison;1
Ediz;1
Eduard;8
Eduardo;1
Edward;4
Efe;3
Efe;1
Ege;3
Egon;1
Eitaro;1
Ejan;1
Ejmen;1
Ekamjeet;1
Eko;1
Elías;2
Eldi;1
Eleftherios;1
Elend;1
Elez;1
Eli;2
Eliah;3
Elian;1
Eliano;2
Elias;61
Elija;3
Elijah;7
Elion;1
Elis;1
Elisa;1
Elisei;2
Elisias;1
Eliyah;1
Elliot;3
Elmar;3
Elmedin;1
Elmo;1
Elshan;1
Elvio;1
Elyan;1
Elyas;16
Elyesa;1
Eman;1
Emanuel;4
Emanuele;1
Emil;63
Emil;1
Emile;1
Emilian;4
Emiliano;1
Emilian-Tarik;1
Emilio;13
Emilio-Luca;1
Emilius;1
Emin;6
Emir;13
Emirhan;1
Emma;1
Emmanuel;6
Emre;3
Endri;1
Eneas;1
Enes;2
Enmanuel;1
Enno;3
Enric;1
Enrico;1
Enrik;1
Enrui;1
Ensar;3
Erasmus;1
Eray;1
Eren;2
Eric;3
Erik;17
Ernesto;1
Ernst;1
Erol;1
Ersin;1
Ertuğ;1
Ertuğrul;3
Ertuğrul-Aras;1
Esben;1
Esdam;1
Eshan;1
Etinosa;2
Etto;1
Eugen;1
Eugenius;1
Evan;1
Evangelos;1
Evgeniyev;1
Evian;1
Evren-Can;1
Ewald;1
Eyüp;1
Eyk;1
Eylard;1
Eymen;1
Fabian;19
Fabio;2
Faddey;1
Fadhl;1
Fadil;1
Fahd;1
Fallou;1
Famous;1
Faran;1
Farell;1
Fares;1
Farhan;1
Farian;1
Fatih;1
Favour;1
Fawaz-Irefamimora;1
Fedor;1
Fedor'ovič;1
Fedy;1
Felipe;1
Felix;62
Ferdinand;24
Feres;1
Fereydun;1
Fernando;1
Ferris;2
Fian;1
Fidel;1
Fiete;5
Fiete;2
Filian;1
Filip;5
Fin;1
Finn;34
Finn-Luca;1
Finn-Oliver;1
Fjonn;1
Florentin;1
Florian;11
Floris;2
Flynn;2
Folker;1
Folvio;1
Fotios;1
Foued;1
Frédéric;1
François;2
Francesco;2
Francisco;2
Franciscus;1
Franciszek;2
Franjo;1
Frank;6
Frans;1
Franz;7
Franziskus;3
Franz-Josef;1
Fred;1
Freddy;1
Frederic;2
Frederick;3
Frederik;22
Frido;1
Fridolin;2
Friedhelm;1
Friedolin;1
Friedrich;22
Friedulf;1
Frieso;1
Friso;2
Fritz;18
Fudao;1
Fukah;1
Furkan;1
Fynn;10
Güney;1
Günter;2
Günther;1
Gaad;1
Gabor;2
Gabriël;1
Gabriel;38
Gabriele;2
Gabrijel-Alberto;1
Gabril;1
Gacar;1
Gad;3
Gaetano;1
Gaku;1
Galip;1
Garam;1
Garen;1
Geert;1
Gen;1
Genadi;1
Georg;17
George;4
Georges;2
Georgij;1
Georgios;4
Georgius;1
Gerald;1
Gerd;3
Gerhard;3
Gero;1
Gerome;1
Gheorghe;1
Gia;2
Gianluca;1
Giano;1
Ginger;1
Giorgi;1
Giovanni;1
Gironimo;1
Giuliano;3
Giulio;1
Glen;1
Gloine;1
Godwin;1
Gorden;1
Gradie;1
Graziano;1
Greg;1
Gregor;3
Gregory;2
Gud;1
Guillaume;1
Gunnar;2
Gustaf;1
Gustav;5
Gyau;1
Ha;1
Hân;1
Hüseyin;1
Hüseyn;1
Hüssein;1
Haci-Mehmet;1
Hadi;2
Hadir;1
Hưng;1
Hagen;1
Hakan;1
Hakar;1
Hakim;3
Haley;1
Halit;1
Hamdi;1
Hamed;1
Hamlet;1
Hammam;1
Hamsa;1
Hamza;15
Han;2
Hananja;1
Hang;1
Hank;1
Hannan;1
Hannes;11
Hanno;2
Hans;8
Hanxi;1
Hanyuan;1
Hao;1
Haochen;1
Haoge;1
Haonan;1
Haralampos;1
Harald;1
Hardi;1
Hardy;1
Haroun;1
Harrison;1
Harry;1
Hartmut;1
Harun;1
Haruya;1
Harveer;1
Harvey;1
Harwin;1
Haschem;1
Hashem;1
Hasnain;1
Hassan;2
Hayden;1
Hazem;2
Hector;2
Heinrich;12
Heinz;4
Hektor;2
Helmut;1
Hem;1
Hendrik;5
Hendrikus;1
Henning;4
Henri;34
Henrik;12
Henrique;1
Henry;41
Herbert;2
Hermann;3
Hesham;1
Hevidar;1
Hicham;1
Hidayet;1
Hidir;1
Hieu;1
Himansh;1
Hiroki;1
Hisakage;1
Holger;1
Hong-Vinh;1
Horst;1
Hosea;1
Hossain;1
Hossam;1
Houdeifi;1
Hovhannes;1
Hristijan;1
Hristo;1
Hubert;2
Hubertus;4
Hubeyb;1
Hugo;16
Hussain;1
Hussein;1
Huzaifa;1
Hyun;1
Ian;6
Ianis;1
Iason;1
Ibn;1
Ibrahiem;1
Ibrahim;12
Ibrahim-Efe;1
Ibraim;1
Idris;1
Ignác;1
Ignatius;1
Igor;1
Ilai;1
Ilay;4
Ilia;1
Ilian;4
Ilias;9
Ilias-Mohamed;1
Ilija;1
Iljič;1
Ilyas;14
Ilyess;1
Immanuel;1
Imona;1
Imran;6
Imranovič;1
Inas;1
Indra;1
Ingmar;1
Ingo;3
In-Se;1
Ioan;1
Ioannis;3
Ion;1
Ippe;1
Isa;2
Isaïah;1
Isaías;1
Isaak;1
Isak;1
Ishak;1
Ishaq;1
Islomconovič;1
Ismael;1
Ismail;4
Ismet;1
Israel;1
Issa;2
Issah;1
Iunus;1
Iván;1
Ivaan;1
Ivan;5
Ivano;1
Ivanov;1
Ivanović;1
Ivelinov;1
Ivica;1
Ivo;3
Iwinosa;1
Iyad;2
Izan;1
Izyan;1
Jörg;1
Jürgen;3
Jace;2
Jack;2
Jackson;2
Jacob;13
Jad;5
Jaden;2
Jakob;44
Jakub;5
Jamal;1
James;8
Jamie;5
Jamil;2
Jamin;1
Jan;37
Jan-Alex;1
Jan-Luca;1
Jan-Mario;1
Janne;3
Jannes;2
Jannick;1
Jannik;6
Jannis;7
Jano;3
Janosch;6
Jan-Philipp;1
Janto;1
Janusz;1
Jarne;1
Jarno;2
Jaromar;1
Jaron;6
Jascha;1
Jasin;2
Jason;5
Jason-Matthew;1
Jasper;16
Jawad;2
Jawid;1
Jayden;5
Jayden-Elia;1
Jayson;1
Jeamie;1
Jean;1
Jean-Luc;1
Jeet;1
Jeffrey;2
Jelle;1
Jeppe;1
Jeremiah;2
Jeremy;1
Jermain;1
Jermaine;1
Jeronimo;1
Jesko;1
Jesper;2
Jesse;1
Jet;1
Jett;1
Jia-Qi;1
Jibril;1
Jie;1
Jim;4
Jinjie;1
Jinming;1
Jiro;1
Jiyan;1
Jo;1
Joachim;5
Joan;1
Joaquim;1
Jochem;1
Joel;11
Johan;6
Johann;35
Johannes;30
John;9
Johnny;1
Jon;1
Jona;14
Jonah;21
Jonas;77
Jonathan;43
Jonte;1
Joona;2
Jordan;1
Jordy;1
Jorge;1
Joris;6
Jorn;1
Jos;1
Joschua;2
Josef;17
Joseph;5
Josh;1
Josha;1
Joshua;13
Joss;1
Josua;1
Josué;1
Joud;1
Jovis;1
Juayl;1
Julaybib-Salih;1
Juled;1
Jules;3
Julian;48
Julien;3
Julijan;1
Julios;1
Julius;57
Jun;1
Junaid;1
Junes;1
Junior;2
Junis;4
Junus;1
Jurek;2
Juri;4
Jurij;1
Justice;1
Justin;3
Justus;21
Kaan;7
Kaarlo;1
Kabiel;1
Kadir;1
Kadri;1
Kai;8
Kalle;1
Kaloyanov;1
Kamal;1
Kamil;1
Karim;4
Karl;38
Karlo;2
Karlo;1
Karl-Philipp;1
Karol;2
Kasimir;3
Kasjan;1
Kaspar;3
Kasper;3
Kassem;1
Kassim;1
Kaswara;1
Katerinov;1
Kavi;1
Kays;1
Kazem;1
Keanu;1
Kei;1
Kemal;2
Kenael;1
Kenai;1
Kenan;2
Kenji;1
Kennick;1
Keno;3
Kento;1
Kerem;3
Kerim;2
Kevin;1
Khadim;1
Khaled;2
Khaleel;1
Khalid;1
Khalil;2
Khaliq;1
Khan;1
Khas-Magomedovič;1
Khurram;1
Kiaan;1
Kian;9
Kiano;1
Kian-Ramazan;1
Kibraeb;1
Kilian;8
Kinan;1
Kinann;1
King;1
Kingsley;1
Kinnon;1
Kion-Dean;1
Kiran;1
Kiyan;1
Kjell;1
Klaas;1
Klaus;5
Klichi;1
Knud;1
Koffi;1
Kofi;3
Komeil;1
Konrad;9
Konstantin;20
Konstantine;1
Konstantinos;1
Koray;1
Korbinian;1
Kougoue;1
Kourosh;1
Kris;2
Kris-Aleksander;1
Kristian;1
Kubilay;2
Kuno;2
Kurt;8
Kutay;1
Kweli;1
Kwesi;1
Ky;1
Kylian;1
Kyriakos;1
Kyu;1
Kyung-Ho;1
László;1
Léon;1
Lévy;1
Labinot;1
Laith;2
Lance;1
Laon;1
Lars;6
Lasse;9
Lateef;1
Laurent;1
Laurenz;4
Lauri;1
Laurin;2
Lauris;1
Lav;1
Lawrence;1
Lazar;2
León;1
Lean;4
Leander;7
Leandro;5
Leano;1
Leanu;1
Leart;3
Ledion;2
Ledjon;1
Lejan;1
Lemar;1
Lemi;1
Len;7
Lenn;7
Lennard;10
Lennardt;1
Lennart;6
Lennox;10
Lenny;4
Lenny-Milan;1
Lenz;1
Leo;35
Leon;61
Leon-Alexander;1
Leonard;58
Leonardo;7
Leonardo-Christian;1
Leonas;1
Leonhard;7
Leonid;1
Leonidas;3
Leopold;14
Lev;1
Levent;2
Levi;35
Levian;1
Levin;5
Levon;1
Lew;1
Lew-Alexander;1
Lewin;1
Lewis;1
Liam;35
Liam-Conner;1
Lian;7
Lias;6
Liem;2
Lijan;1
Linas;2
Lino;2
Linus;24
Linus-Naël;1
Lio;5
Lio-Leonidas;1
Lion;2
Lionel;1
Lirian;1
Liron;1
Liwiusz;1
Lloyd;1
Logan;1
Lohan;1
Loki;2
Long;1
Lorbert;1
Lorenz;3
Lorenzo;3
Lorik;1
Lorne;1
Lou;2
Louan;1
Louay;2
Louis;52
Louis-Adriano;1
Louka;1
Lounis;1
Lounis-Antar;1
Lousiano;1
Lovetaj;1
Lu;3
Luan;4
Luís;1
Luca;33
Luca-David;1
Luca-Joel;1
Lucas;9
Lucez;1
Lucian;3
Luciano;1
Lucius;1
Ludovit;1
Ludwig;10
Luej;1
Luelela;1
Lu-Fei;1
Luigi;1
Luis;26
Luisa;1
Luiz;1
Luka;12
Lukas;34
Luke;5
Luke-Marley;1
Luke-Milan;1
Lumumba;1
Lun;1
Lunis;1
Luqman;1
Lutz;2
Luuk;1
Lyas;1
Lyasa;1
Lyle;1
Lyon-Paul;1
Lyron;1
Máté;1
Mîran-Koban;1
Mübariz;1
Maalik;1
Mads;3
Magnus;4
Magomed-Salah;1
Mahdi;1
Maher;3
Mahir;2
Mahlek;1
Mahmoud;1
Maik;3
Makonnen;1
Maksim;1
Maksym;1
Maksymilian;1
Maksymilian;1
Malík;1
Malcolm;1
Maleek;1
Malek;3
Malik;17
Malik-Ali;1
Malik-Muamer;1
Malik-Yakup;1
Malin;1
Maliq;1
Malte;12
Malvin;1
Manfred;3
Manuel;10
Marc;4
Marcel;3
Marcelo;1
Marcin;1
Marco;2
Mares;1
Maria;6
Marian;2
Mariano;1
Marie;1
Marijan;2
Marin;2
Mario;2
Marioev;1
Mario-Robert;1
Marius;3
Mariusz;1
Mariyanov;1
Mark;8
Marko;2
Marley;2
Marlo;4
Marlon;9
Martín;1
Marten;3
Martim;1
Martin;9
Martin;6
Martinez;1
Martinovič;1
Marvelous;1
Marvin;5
Marwin;1
Mashu;1
Masoud;1
Matéo;2
Matei;2
Matej;1
Mateja;1
Mateo;9
Mathéo;1
Matheo;6
Mathias;1
Mathieu;1
Mathis;2
Mats;27
Matsuri;1
Matt;1
Matteo;19
Matteo;1
Mattes;2
Mattheo;3
Matthew;1
Matthias;8
Matthijs;1
Matthis;3
Matti;5
Mattia;2
Mattis;12
Matwey;1
Matyas;1
Matyi;1
Maurice;7
Mauritz;1
Mauro;1
Mavi;1
Max;45
Maxim;17
Maxime;3
Maximilian;140
Maximillian;1
Maximos-Alexandros;1
Max-Paul;1
Maya;1
Mbretron;1
Mbumba;1
Mecid;1
Medin;1
Meeko;1
Mehdi;1
Mehmet;2
Mehmetcan;1
Mehrsam;1
Meir;1
Melbourne;1
Melchor;1
Melih;1
Melikşah;1
Merdi;1
Merlin;1
Mert;12
Merten;1
Mert-Taylan;1
Merveildi;1
Mete;3
Metehan;3
Metin;1
Miłosz;1
Mian;1
Mica;1
Michał;1
Michael;31
Michael-Milan;1
Michail;1
Michel;6
Michele;2
Mick;1
Miguel;3
Mihai;1
Mihail;2
Mihajlo;1
Mijo;1
Mik;1
Mika;21
Mikael;2
Mikail;3
Mike;3
Mikel;2
Mikka;2
Mikkel;1
Mikkey;1
Mikołaj;1
Milad;1
Milan;26
Milan-Ranko;1
Milas;3
Miles;1
Milian;1
Milijan;1
Milio;1
Milkiyas;1
Milo;11
Miloš;1
Milow;1
Min;1
Minel;1
Minh;2
Mino;1
Minu;1
Mio;5
Miraç;1
Mirac;2
Miracl;1
Miran;3
Miray;1
Miro;4
Miroslav;1
Mirza;2
Misaki;1
Mithat;1
Mitja;1
Mo;2
Modi;1
Modou;1
Mogbel;1
Mohamad;4
Mohamed;29
Mohamed-Ali;1
Mohamed-Amir;1
Mohammad;8
Mohammed;12
Momme;1
Momo;1
Monty;1
Moon;1
Moris;1
Moritz;44
Moses;2
Motonao;1
Moulouk-Souleiman;1
Moussa;3
Muarem;1
Muayed;1
Muftah;1
Muhamed;1
Muhammad;5
Muhammed;10
Muhammed-Eymen;1
Murad;1
Murat;1
Murtazaevič;1
Musa;4
Musa-Dejan;1
Mustafa;9
Mustapha;1
Mutong;1
Mutsumu;1
Muze;1
Nabil;3
Nader;1
Nadir;1
Nael;1
Nahel;1
Naim;4
Najim;1
Nam;1
Nami;1
Namir;1
Namu;1
Nana;1
Napat;1
Naser;2
Nash;1
Nasim;2
Nassim;4
Natan;3
Nathan;3
Naveed;1
Naveen;2
Navid;2
Navin;1
Nawid;1
Nawin;1
Nazmi;1
Neal;1
Neale;1
Nedim;2
Nelio;3
Nemo;1
Neo;5
Nepomuk;2
Nevio;1
Nevion-Luca;1
Newton;1
Nguyen;1
Niavash;1
Nicanor;1
Nicholas;1
Nick;11
Nicklas;4
Niclas;3
Nico;10
Nicolás;1
Nicola-Lorenc;1
Nicolas;13
Nihat-Yigit;1
Nik;1
Nikan;2
Nikita;7
Niklas;15
Niko;2
Nikolai;6
Nikolaos;2
Nikolas;8
Nikolaus;2
Nilan;1
Nilo;1
Nils;13
Nimród;1
Nino;5
Nino-Benedikt;1
Nio;1
Nisar;1
Nizar;1
Nnamdi;1
Noa;2
Noël;2
Noé;1
Noah;77
Noah-Gabriel;1
Noel;14
Noemi;1
Nojan;1
Nolan;3
Norbert;1
Nori;1
Norman;1
Nour;1
Nouri;1
Noyan;2
Numan;1
Nur;1
Nuri;2
Nyarko;1
Nzee;1
Nzinga;1
Obeng;1
Odera;1
Odos;1
Okan;2
Olaf;3
Olavi;1
Ole;8
Oliver;12
Olivier;3
Oliwier;1
Oluş;1
Oluwafemi;1
Oluwashonami;1
Omar;5
Omer;1
Orell;1
Orhan;1
Orhanovič;1
Orlando;1
Osagie;1
Osahon;1
Osaigbovo;1
Osamegbe;1
Oscar;16
Oskar;30
Osman;2
Oswald;1
Otis;2
Otto;6
Ouassim;1
Oueiss;1
Ouyu;1
Owen;1
Páris;1
Pablo;3
Pais;1
Panagiotis;2
Parker;2
Patrick;7
Paul;99
Paulo;2
Pavlos;1
Payam;1
Pedram;1
Pepe;6
Petar;1
Peter;21
Petru;1
Petter;1
Phakin;1
Phil;21
Philemon;1
Philian;2
Philip;9
Philipp;24
Philippos;1
Phillip;1
Phineas;1
Piak;1
Pierre;2
Pierre-Nicolas;1
Piet;7
Pino;1
Pius;1
Platon;1
Poul;1
Poyraz;1
Poyraz-Pepe;1
Prasad;1
Prince;2
Prinz;1
Qi;1
Qiyu;1
Quentin;1
Quincius;1
Quinn;3
Quinn-Adam;1
Quirinus;1
Qusaiy;1
Rüdiger;2
Rüzgar-Ronaldo;1
Raúl;2
Rachad;1
Rachid;1
Radenko;1
Raegan;1
Rafael;11
Rafail;3
Raffael;1
Ragnar;2
Raheem;1
Rahim;1
Rahman;2
Raif;1
Raimon;1
Rajan;1
Ralf;1
Ram;1
Ramón;1
Ramadan;3
Rami;3
Ramin;1
Ramzanovič;1
Ranbo;1
Ranko;1
Ransford;1
Raphael;13
Rashad;1
Rasim;1
Rasmus;1
Rassoul;1
Ratmir;1
Raul-Andrei;1
Ravi;1
Rawesh;1
Ray;1
Rayan;14
Rayen;1
Raymond;2
Rebekka;1
Reddy;1
Reem;1
Rei;1
Reinhard;2
Remo;1
René;1
Reo;1
Reva;1
Reyaan;1
Reza;1
Rezan;1
Riadh;1
Riccardo;1
Richard;9
Ricky;1
Ridvan;1
Rigers;1
Rigo;1
Rijad;1
Rio;2
Rion;1
Ritsu;1
River;1
Riyan;1
Robert;9
Robin;4
Rocco;1
Rock;1
Rodriguez;1
Roger;2
Roham;1
Rohan;2
Roj;1
Rojhat;2
Roland;2
Rolf;4
Romain;1
Roman;2
Romano;1
Romeo;3
Ronald;1
Ronan;1
Rongkai;1
Ronglu;1
Roni;1
Rory;1
Rosario;1
Rosario-Brilianto;1
Rostyslavovič;1
Rouven;2
Rron;2
Ruben;5
Rudi;1
Rudolf;4
Rufus;1
Rui;2
Ruibin;1
Ruibo;1
Rune;1
Rustam;1
Ryan;5
Ryo;1
Ryota;1
Ryszard;2
Süleyman-Efe;1
Saad;1
Sabahan;1
Sabri;1
Sabrijan;1
Sadedin;1
Safouan;3
Sahel;1
Sai;1
Said;5
Said-Hassan;1
Saidou;1
Saim;1
Sain;1
Salahdin;1
Salah-Eddine;1
Salam;1
Salar;1
Saleh;1
Salih;1
Salim;2
Salvatore;1
Sam;11
Samael;1
Sameer;1
Sami;10
Samir;3
Sammy;2
Samouel;1
Samu;1
Samuel;38
Samuele;2
Samy;2
Saniel;1
Santiago;2
Santino;2
Sarbast;1
Sarp;1
Sascha;3
Sasho;1
Sava;1
Savan;1
Savva;1
Sawend;1
Sayed;2
Schermann;1
Schiyar;1
Scott;1
Sean;2
Sebastian;14
Sebastijan;1
Seet;1
Sefer;1
Seijman;1
Sejdo;1
Selahattin;1
Selim;2
Selim-Ibrahim;1
Sem;1
Semih;3
Semion;1
Semjon;1
Senay;1
Sepantam;1
Sepehr;1
Seraj;2
Sergej;1
Sergey;1
Sergijovič;1
Sergio;3
Serigne;1
Sesgjun;1
Severdjan;1
Severdzan;1
Severin;2
Seyed;1
Seymen;1
Sharanjeet;1
Shayan;2
Shiv;1
Shou;1
Shuma;1
Shunzhe;1
Siavash;1
Sidney;1
Siegfried;2
Sif;1
Sigvard;1
Sihun;1
Sila;1
Silas;7
Silvio;1
Simão;1
Simba;1
Simeon;1
Simon;18
Sinan;2
Singh;6
Sipan;1
Sirage;1
Siraj;1
Sobhan;1
Sohaan;1
Sojiro;1
Son-Uh;1
Sophie;1
Soravit;1
Sosuke;1
Soufian;1
Souhaib;2
Souhail;1
Sounkary;1
Sousuke;1
Sozdar;1
Stanisław;2
Star;1
Stefan;2
Steffen;1
Stelios;2
Stepanovič;1
Stephan;3
Stojan;1
Su;1
Subhi;1
Suhail;1
Sulayman;1
Sulejman;1
Suliman;1
Sultan;1
Sundino;1
Sven;1
Sverre;1
Svetoslavov;2
Swetoslaw;1
Sydney;1
Syed;1
Sylvester;1
Szymon;1
Taavi;1
Tadeus;1
Tae-Min;1
Tae-Min;1
Taha;7
Tahir;1
Tai;1
Taiga;1
Taim;2
Taio;1
Tair;1
Takeru;2
Takuto;1
Talal;1
Talha;6
Tam;1
Tamiel;1
Tammo;1
Tammy;1
Tarar;1
Taras;2
Tarek;2
Tarik;1
Tarlan;1
Taylan;3
Tayler;1
Taylor;4
Tayyip;1
Tegiri;1
Teis;1
Temitayo;1
Teo;1
Teoman;1
Teomann;1
Testimony;1
Thaddeus;1
Thanh;1
Thees;1
Theo;40
Theodor;42
Theodora;1
Theodore;1
Theodoros;1
Theophilus;1
Thiago;2
Thien;1
Thierno;1
Thierry;2
Thies;1
Thilo;4
Thinh;1
Thomas;11
Thor;4
Thore;6
Thorin;1
Thormod;1
Thulani;1
Tiago;1
Tiam;1
Tiamo;1
Tiberius;1
Tibor;1
Tijs;1
Til;1
Till;13
Tilmann;2
Tilo;2
Tim;21
Timm;1
Timo;6
Timofej;1
Timon;1
Timotheus;2
Timothy;2
Timur;1
Ting;1
Tinus;3
Tito;1
Titus;6
Tius;1
Tjelle;1
Tobias;8
Tobiasz;1
Tom;37
Tomasz;1
Tomke;1
Tommaso;1
Tomoki;1
Toni;10
Tony;3
Toprak;2
Travis;1
Trayvon;1
Trevor;1
Trias;1
Trim;1
Tristan;9
Tu;1
Tuan;1
Tuğra;1
Tudor-Alexandru;1
Tunahan;1
Turkijan-Malik;1
Tyge;1
Tyler;2
Tymon;1
Tyr;1
Tyreese;1
Tyrone-Nana;1
Uday;1
Ulli;1
Ulrich;3
Umar;1
Umarov;1
Umedovich;1
Umut;4
Unays;1
Unik;1
Uriel;1
Uroš;2
Václav;1
Vaceslavovič;1
Valentín;1
Valentin;25
Valentino;3
Valentinos-Iraklis;1
Valerio;1
Valerius;1
Van;1
Vasilev;1
Vasilis;1
Vassilios;1
Vedad;1
Veikko;1
Verdzhinov;1
Vestino;1
Veysel;1
Vian;1
Vicente;1
Vico;1
Victor;4
Vigo;1
Vihan;1
Viktor;8
Vin;1
Vince;1
Vincent;38
Vinh;1
Vito;8
Vitus;3
Vladimir;2
Vladimirovič;1
Vladislavovič;1
Vladyslavovič;1
Volkan;1
Volker;2
Volkrad;1
Vu;1
Vyacheslav;1
Wael;1
Walid;3
Wallace;1
Walter;10
Wang-Huaijin;1
Ward;1
Warren;1
Wasal;1
Wasem;1
Wassim;1
Wedig;1
Wei;1
Welf;1
Werner;5
Wesley;1
Wieland;1
Wiktor;1
Wilfried;1
Wilhelm;14
Wilko;1
Will;1
Willem;7
Willi;5
William;8
Williams;1
Willy;1
Wim;2
Win;1
Winfried;2
Wisdom;1
Wladimirovič;1
Wojciech;3
Wolf;1
Wolfgang;5
Wolfram;1
Wolfy;1
Wonderful;1
Wotan;1
Wyn;1
Xabier;1
Xaver;2
Xenia;1
Xiaosheng;1
Xirong;1
Xuan;1
Yılmaz;1
Yaakoub;1
Yafes;1
Yahya;2
Yaman;4
Yamen;3
Yan;1
Yang;1
Yanis;2
Yann;1
Yannick;2
Yannik;1
Yanning;1
Yannis;1
Yano;1
Yasin;7
Yasir;2
Yassen;1
Yassin;6
Yassir;1
Yat;1
Yavuz;2
Yavuz-Selim;1
Yaw;1
Yazan;1
Yeabsera;1
Yessin;1
Yi;1
Yian;1
Yiğit-Faik;1
Yichen;1
Yigit-Kaan;1
Yihan;1
Yixiao;1
Yoan;1
Yohannan;1
Yonah;1
Yonca-Yasemin;1
Yoon;1
Yoram;1
York;1
Yoshi;1
Yosifov;1
Younes;10
Younis;2
Yousef;2
Youssef;3
Youssuf;1
Yousuf;1
Yul;1
Yuma;2
Yuna;1
Yunes;1
Yunus;3
Yuri;1
Yussef;1
Yussuf;2
Yusuf;5
Yu-Yen;1
Yves;1
Zachariah;1
Zachiary;1
Zaheer;1
Zaid;1
Zakaria;2
Zarif;1
Zayd;3
Zayn;1
Zente;1
Zeratul;1
Zhang;1
Zhi;1
Zhoumeng;1
Zijadin;1
Zimo;1
Zion;1
Zlatko;1
Zouheir;1
Zsolt;1
Zubeir;1
Zubeyr;1
Zuhair;1
