vorname;anzahl
İlgin;1
Çicek;1
Élodie;1
Émilie;1
Açelya;1
Aaliyah;6
Abdulkarim;1
Abdulmanonova;1
Abed;1
Abeer;1
Abigail;3
Ada;6
Adélia;1
Adama;1
Adele;1
Adelheid;2
Adelina;1
Adeline;1
Adelisa;1
Adil;1
Adjorkor;1
Adriana;4
Adriana-Maria;1
Adrijana;1
Aeila;1
Aenny;1
Afia;1
Afrona;1
Agathi;1
Agi;1
Aglaia;1
Agnes;3
Agnia;1
Ahat;1
Ahelina;1
Ahlam;1
Ahsen;1
Aicha;4
Aikaterini;1
Aila;1
Aileen;3
Aimée;1
Aimee-Grace;1
Aisha;2
Aissatou;1
Aiyana;1
Ajdina;1
Aji;1
Ajla;1
Ajlina;1
Aki;1
Akira;1
Akosua;2
Akua;1
Al;1
Alaa;1
Alae;1
Alamea;1
Alara;1
Albesa;1
Albina;1
Alea;2
Alejandra;1
Alekseyevna;1
Alena;2
Alessandra;1
Alessia;12
Alessia-Lambada;1
Alessya;1
Alex;1
Alexa;2
Alexandra;18
Alexandra-Nataşa;1
Alexia;1
Alexis;1
Aleyna;3
Alia;1
Alice;4
Alicia;3
Alicja;1
Alien;1
Alina;17
Alisa;2
Alisha;1
Alisia;1
Alissa;4
Alix;1
Aliya;4
Aliyah;2
Aliye;1
Allegra;1
Alleria;1
Alma;8
Almina;2
Alona;1
Altina;1
Alva;2
Alya;3
Amália;2
Amélie;4
Amaani;1
Amadea;1
Amal;3
Amalia;12
Amalya;1
Amanda;1
Amani;2
Amara;3
Amarachi;1
Amaryllis;1
Amaya;4
Amber;1
Amelia;11
Amelie;25
Amelie-Jingting;1
Amelie-Kristina;1
Amelie-Marie;1
Amelina;1
Amie;1
Amilia;2
Amina;15
Amina-Niame;1
Amira;19
Ammara;1
Amra;1
Amrit;1
Amy;4
Amy-Medina;1
An;2
Ana;7
Anaïs;1
Anabel;2
Anabell;3
Anabella;1
Analtoljevna;1
Anashe;1
Anastasia;11
Anastasia-Elena;1
Anastasija;1
Anastasya-Măriuca;1
Anaya;1
Andrìïvna;1
Andrea;2
Andreanova;1
Andreea;1
Andreyevna;1
Anea;1
Anela;1
Aneta;2
Anette;1
Ange;1
Angel;3
Angela;2
Angelika;3
Angelina;4
Angelina-Mayleen;1
Angelova;1
Angie;2
Anh;2
Ania;1
Aniceta;1
Anife;1
Anika;2
Anisa;2
Anissa;3
Anita;1
Ann;1
Anna;68
Annabel;2
Annabell;2
Annabella;1
Annabelle;8
Anna-Carlotta;1
Anna-Elise;1
Annalena;1
Anna-Lena;1
Anna-Louisa;1
Annamaria;1
Anna-Maria;1
Anna-Sophie;1
Anne;4
Anne-Catherine;1
Annegret;1
Anneli;1
Annelie;4
Anneliese;1
Annemarie;2
Anni;6
Annie;4
Annika;6
Anouk;2
Anran;1
Anthonia;1
Antonella;1
Antonia;23
Antonie;2
Antonina;1
Anusha;2
Anwi;1
Anyi;1
Anzhe;1
Ül;1
Ülkü-Nas;1
Apolonia;1
Araboaica;1
Arbresha;1
Ardiona;1
Ardlina;1
Areen;1
Arfa;2
Aria;1
Ariana;4
Ariane;3
Arica;1
Ariela;1
Arija;1
Arin;1
Arina;3
Arissa;1
Arjana;1
Arjona;1
Arnoda;1
Aroa;1
Artemis-Alexis;1
Arvinerdene;1
Arwen;1
Arya;3
Aryam;1
Aryana;1
Aseda;2
Aseel;1
Asenat;1
Ashley;3
Asia;3
Asiya;1
Ělěna;1
Aslı;1
Asma;1
Asmaa;2
Asna;1
Assia;1
Assil;1
Assya;1
Astrid;2
Asya-Annabell;1
Atanasova;1
Athinà;1
Atina;1
Audrey;1
August;1
Aurélie;3
Aurelia;10
Aurelie;2
Aurora;8
Aurora-Rosa;1
Ava;19
Ava-Miel;1
Avin;1
Awa;1
Aya;4
Ayana;1
Ayanda;1
Ayat;1
Ayşe;3
Öykü;1
Ayla;3
Ayla-Numidia;1
Aylin;5
Aylis;1
Ayna;1
Ayshe;1
Şükran;1
Azamovna;1
Özge;1
Azisa;1
Aziza;1
Öznur;1
Azra;5
Azra-Lina;1
Ştefania;1
Bärbel;1
Büsra;1
Bade;1
Bahar;1
Bahati;1
Baniya;1
Banu;1
Barana;1
Barbara;4
Barianna;1
Basma;2
Bassima;1
Batoma;1
Beatrice;4
Beatrix;1
Beatriz;1
Belin;1
Belinay;1
Bella;6
Bellatrix;1
Belle;1
Benedicta;1
Beren;1
Berenike;1
Beren-Su;1
Berlin;1
Betül;1
Betsy;1
Bettina;1
Beya;2
Bianca;2
Blanka;1
Blenerta;1
Boaduwaa;1
Bonnie;1
Borysovna;1
Briana;1
Bridget-Amankwah;1
Brigitte;1
Brune;1
Cäcilia;1
Cécile;1
Cécilia;3
Céleste;1
Célestine;1
Célia;2
California;1
Calla;1
Calypso;1
Camille;1
Cansu;2
Caoimhe;1
Cara;2
Carina;1
Carla;21
Carlina;1
Carlota;1
Carlotta;27
Carmen;1
Carolin;5
Carolina;5
Caroline;7
Casey;1
Casey-Rose;1
Cataleya;3
Catarina;1
Caterina;2
Cathalea;1
Catharina;3
Cecilia;3
Cecilie;1
Cecily;1
Celia;2
Celina;5
Celine;4
Cem;1
Cennet;1
Ceren;1
Ceylan;1
Chaima;2
Charistoula;1
Charlene;1
Charline;2
Charlott;1
Charlotta;1
Charlotte;86
Charmaine;1
Chayenne;1
Chen;1
Cheyenne;1
Chiaki;1
Chiara;3
Chidiebere;1
Chihana;1
Chimamanda;1
Chinemerem;1
Chloe;2
Christa;1
Christabel;1
Christin;3
Christina;7
Christine;8
Chyara;1
Cinderella;1
Cirifou;1
Claire;8
Clara;44
Clarissa;1
Clarisse;1
Claudia;4
Clelia;1
Clementine;4
Cleo;2
Coco;1
Confetti;1
Coralin;1
Cornelia;2
Cosima;4
Dafina;1
Dafni;1
Dalia;4
Damla;2
Dana;4
Danae;1
Dana-Farina;1
Danica;1
Daniela;3
Daniella;1
Daniya;1
Dansowaa;1
Daria;3
Darya;2
Dayana;1
Defne;8
Delali;1
Delara;1
Delaram;1
Delilah;1
Delvin;1
Denise;1
Deniz;3
Despina;1
Devi;1
Deyue;1
Dhriti;1
Diệp;1
Diana;14
Diane;1
Diellona;1
Dilara;4
Dilara-Elizabeta;1
Dimitra;3
Dimitrova;1
Dimova;1
Dina;1
Dinela;1
Diponegoro;1
Discha;1
Dita;1
Divine;1
Dmytrevna;1
Dmytrivna;1
Doad;1
Dobromirova;1
Dominique;1
Dona;1
Donya;1
Dora;2
Doreen;1
Dorentina;1
Dorisa;1
Dorka;1
Dorota;1
Dorothea;4
Doti;1
Dounia;1
Dua;2
Duanaz;1
Dunja;1
Dunya;1
Durusu;1
Dzhelil;1
Dzula;1
Ebba;2
Ece;3
Ecrin;3
Eda;4
Edda;3
Edina;1
Edita;1
Edith;4
Efnan;1
Efrata;1
Eftihia;1
Eita;1
Ejona;1
Ekatharina;1
Ekin;1
Ela;12
Eléne;1
Elaf;1
Elaia;1
Elda;1
Elea;4
Eleanor;1
Elef;1
Elena;18
Elena-Bogdana;1
Eleni;5
Elenia;1
Eleni-Irini;1
Eleni-Maria;1
Elenora;1
Eleonora;3
Elfrida;1
Elfrieda;1
Elfriede;4
Elhana;1
Elia;2
Eliana;4
Eliane;1
Elianna-Jane;1
Elias;1
Elies;2
Elif;16
Elif-Liya;1
Elifsu;1
Elif-Su;1
Elin;8
Elina;15
Elina-Sophie;1
Eline;1
Elion;1
Elis;2
Elisa;37
Elisabeth;56
Elisabetta;1
Elisa-Svetlana;1
Elise;13
Elisha;1
Elisiana;1
Elissa;3
Eliza;2
Elizabella;1
Elizabet;1
Elizabeta;1
Elizabeth;2
Elizan;1
Ella;30
Ellarose;1
Ella-Sophie;1
Ellen;10
Elli;2
Ellie;2
Ellien;1
Ellinor;1
Elly;3
Elma;1
Elmedina;1
Elodie;1
Elsa;2
Elsa-Luisa;1
Else;1
Elva;1
Elvedina;1
Elvin;1
Elvira;1
Elya;1
Elyssa;1
Elza;2
Emel;1
Emelie;4
Emely;2
Emilia;93
Emilié;1
Emilia-Leony;1
Emiliana;1
Emilia-Sophie;1
Emilie;7
Emilienne;1
Emilija;1
Emilova;1
Emily;30
Emily-Philipa;1
Emina;1
Emliy;1
Emma;67
Emma-Lotte;1
Emmanuela;1
Emmanuella;1
Emmi;5
Emmy;1
Emmy-Louise;1
Emna;1
Eni;1
Enie;1
Enni;1
Enya;1
Ephrath-Eliadah;1
Era;2
Erina;1
Ermia;1
Ernestine;1
Erva;3
Esila;3
Eslem;1
Esma;1
Esmeralda;1
Esra;2
Essia;1
Estella;1
Estelle;6
Estera;2
Esther;3
Esthera;1
Etienne;1
Eva;16
Eva-Maria;1
Evangelia;2
Evangelina;1
Evangeline-Sandy;1
Evarínya;1
Evelin;3
Evelina;1
Evelyn;2
Evgen'evna;1
Evie;1
Evin;1
Evra;1
Ewa;3
Ewelina;1
Eyşan;1
Eya-Zilya;1
Eylül;1
Eylül-Messina;1
Eylem;1
Ezgi;1
Félice;1
Fabiana;1
Fabienne;2
Faina;1
Faithia;1
Fanny;1
Farah;1
Faraja;1
Fareeha;1
Faria;1
Farina;1
Faromuzovna;1
Faryal;1
Fatima;10
Fatlinda;1
Fatma;4
Fatna;1
Fatou;1
Fatoumata;1
Faye;1
Fayek;1
Fee;4
Fei;1
Felia;2
Felicia;7
Felicitas;5
Felicity;2
Felina;2
Feline;1
Felippa;1
Felizia;1
Fenja;1
Fenna;1
Fenya;1
Feodora;1
Feride-Elfida;1
Fernanda;1
Feya;1
Fia;1
Fidan;1
Fidel;1
Fiene;1
Filippa;6
Filothei;1
Fine;3
Finia;1
Finja;9
Fiona;8
Firdaous;1
Fleur;2
Flona;1
Flor;1
Flora;11
Flore;1
Florence;1
Florentine;7
Floria;1
Flutura;1
Fortuna;1
Fousia;1
Francesca;4
Franziska;13
Freda;2
Frederike;2
Freya;3
Freyja;2
Frida;16
Frieda;24
Friederike;4
Frija;1
Fritzi;1
Gül;3
Gülistan;1
Gülsüm;1
Gülsefa-Djuli;1
Güney;1
Gabriela;3
Gabriele;3
Gaidaa;1
Galina;1
Gashbin;1
Gemma;1
Gertrud;1
Gesa;4
Giada;1
Gift;1
Ginevra;1
Ginkeva;1
Gioia;3
Giorgina;1
Gisela;1
Giselle;1
Giulia;7
Giuliana;1
Giuliana-Meliha;1
Gloria;2
Grace;6
Greta;43
Grete;1
Grietje;1
Guwairiya;1
Gyamfuah;1
Gyzy;1
Ha;1
Hélène;1
Hüdanur-Azra;1
Hülya;1
Hüna;1
Hadil;1
Hadley;1
Hafsa;2
Hafssa;1
Hajar;1
Haley;1
Halima;2
Halina;1
Halise-Elif;1
Hamama;1
Hamta;1
Hana;7
Hanaa;1
Hanadi;1
Hanae;1
Hanah;1
Hanan;2
Haneen;1
Hanifa;1
Hanim;1
Hanin;1
Hanna;27
Hannah;33
Hannah-Lisa;1
Hannah-Malene;1
Hanne;2
Hannelore;1
Happiness;1
Harley;1
Haruka;1
Hata;1
Hatice;2
Havin;1
Havva;1
Hawa;2
Hayat;2
Haylie;1
Hayrunnisa;1
Hazal;1
Heavenly;1
Hedi;4
Hedviges;1
Hedy;1
Hei;1
Heide;1
Heidi;1
Heike;2
Helen;2
Helena;30
Helene;17
Heli;1
Helin;1
Hella;2
Henni;1
Henny;1
Henrietta;1
Henriette;6
Henrika;1
Henrike;1
Hermine;6
Hete;1
Hetti;1
Hewin;1
Hiba;5
Hidaya;2
Hilal;2
Hilda;2
Hilde;1
Hilla;1
Hillary;1
Hira;1
Hiranur;1
Hitana;1
Hiva;1
Holly;1
Honey;1
Hope;3
Houda;1
Hristomirova;1
Huberta;1
Huda;1
Hussain;1
Ibrahim;1
Ibraj;1
Ichika;1
Ida;34
Ielia;1
Ijeoma;1
Ikra;1
Ilaria;1
Ilayda;2
Il'darovna;1
Ilektra-Vasiliki;1
Ilena;1
Ilenia;1
Ileyna;3
Ilim;1
Ilina;1
Ilknur;1
Illiana;1
Ilse;2
Ilwa;1
Imala;1
Iman;4
Ina;3
Inés;1
Inara;1
Inas;2
Inşirah-Asiyah;1
Inci;1
Indie;1
Ines;2
Ineza;1
Ingeborg;1
Ingelore;1
Ingrid;2
Ioana;1
Iona;1
Irène;1
Irem;3
Irene;1
Irha;1
Irina;1
Irini;1
Iris;3
Irma;2
Irmela;1
Irmi;1
Irmingard;1
Irorunola;1
Isa;2
Isabel;9
Isabell;6
Isabella;22
Isabelle;13
Isaya;1
Isha;1
Isidora;1
Isla;1
Islambekovna;1
Ismini;1
Isra;3
Istokhshokh;1
Iva;1
Ivi;1
Ivy;1
Izabelle;1
Izel;2
Jada;1
Jaloul;1
Jamie;2
Jamila;3
Jamilja-Jolifin;1
Jana;15
Jane;1
Janina;1
Janna;1
Jannah;2
Jannat;4
Janne;2
Janneke;1
Júlia;1
Jaouhara;2
Jaqueline;1
Jara;3
Jarla;1
Jasmin;8
Jasmina;1
Jasmine;2
Jeanette;1
Jeanne;1
Jeffina;1
Jema;1
Jemimah;1
Jenna;1
Jennah;1
Jennet-Melek;1
Jennyfer;1
Jessica;3
Jesslyn;1
Jette;4
Jezebel;1
Jihe;1
Jill;1
Jill-Joleen;1
Jin;1
Jldza;1
Jo;1
Joánna;1
João;1
Joaline;1
Joana;1
Joanna;6
Joanne;2
Joella-Alexandra;1
Joelle;1
Jofie;1
Johanna;64
Jolanda;2
Joleen;3
Jolene;1
Jolie;4
Jolien;2
Jolin;1
Jolina;2
Jolina-Marleen;1
Joline;3
Jomiloju;1
Jona;1
Jonita;1
Jonna;3
Jordis;1
Josa;1
Josée;1
Josefine;17
Josephin;1
Josephine;22
Jospehine;1
Josy;1
Jouri;1
Jouwayria;1
Joy;2
Joyce;1
Juana;1
Jula;1
Julde-Wokam;1
Jule;7
Juli;3
Julia;32
Juliana;2
Juliane;3
Julie;6
Julienne;1
Julyene;1
Juna;8
June;1
Juni;1
Junina;1
Juno;2
Justyna;1
Kaho;2
Kailey;1
Kaja;2
Kalia;1
Kalla;1
Kaltrina;1
Kanlaya;1
Kaori;1
Kara;1
Karen;2
Kari;1
Karimi;1
Karina;2
Karla;12
Karla-Brianna;1
Karline;1
Karlotta;7
Karolina;3
Karoline;2
Katalin;1
Katalina;1
Katara;1
Katarina;1
Kate;1
Katerina;1
Kathalea;1
Katharina;50
Katharina-Galina;1
Kathrin;3
Katinka;1
Katja;1
Katrine;1
Kaur;2
Kaya;1
Kayla;2
Kaylee;1
Kaysah;1
Kejda;1
Kelly;1
Kenechi;1
Kenza;1
Khadeeja;1
Khadija;2
Khadija;1
Khatuna;1
Kiana;2
Kiara;1
Kiara-Milou;1
Kim;1
Kimberly;1
Kimia;2
Kira;2
Kiyoka;1
Klara;17
Klaudia;1
Klea;3
Komilovna;1
Kone;1
Konoha;1
Konstantina;1
Kornelia;1
Krisiana;1
Kristina;2
Krystyna;1
Kusija;1
Kyoka;1
kyzy;2
Léona;1
Léonie;1
Létizia;1
Lace;1
Laetitia;1
Lahela;1
Laian;1
Lale;2
Lalezer;1
Lalita;1
Lami;1
Lamia;1
Lamis-Sara;1
Lamprini;1
Lan;1
Lana;8
Lani-Luana;1
Laoura;1
Lara;34
Lara-Sufi;1
Larien;1
Larin-Angela;1
Larissa;2
Latifa;1
Latifah;1
Laura;42
Lauren;1
Lauryn;1
Lava;2
Lavendel;1
Lavie;1
Lavin;3
Layan;7
Layana;1
Layenne;1
Layla;5
Lays;1
Lea;33
Lea-Araya;1
Leah;4
Lea-Marie;1
Leana;2
Leandra;2
Learta;1
Lea-Sophie;1
Lee;1
Leia;6
Leila;1
Leilani;5
Lejla;1
Lejna;1
Lela;1
Lema;1
Lemoni;1
Lena;40
Lena-Maria;1
Lena-Sophie;1
Lene;1
Lenea;1
Leni;34
Lenia;3
Leniya;1
Lenora;1
Leokadia;1
Leona;8
Leonella;1
Leoni;2
Leonie;31
Leonora;2
Leonore;1
Leopoldine;1
Leticia;1
Letizia;3
Letty;1
Levia;1
Levke;2
Leya;1
Leyla;5
Leyli;1
Leyna;1
Lia;26
Lia-Anastasia;1
Liah;2
Lian;1
Liandra;1
Liane;1
Liang;1
Liara-Sofie;1
Lia-Viktoriya;1
Libi;1
Lidia;4
Lidija;2
Lien;1
Lila;1
Lilas;1
Lilav;1
Lili;3
Lilia;3
Lilian;2
Liliana;3
Lilien;1
Lilija;1
Lilith;2
Lilli;5
Lilly;13
Lilly;2
Lilo;1
Lilu;1
Lily;4
Lilya;2
Lilyan;1
Lin;1
Lina;61
Linda;9
Lindi;1
Linh;1
Linn;2
Linna;2
Linnéa;1
Linnea;3
Liona;1
Lisa;21
Lisbeth;3
Lise;1
Liselene;1
Liselle;1
Liselotte;1
Liska;1
Liv;7
Liva;1
Livia;8
Liya;13
Liya;1
Liyah;1
Liyan;2
Liyana;5
Liyana-Aliya;1
Liya-Nasima;1
Liya-Nur;1
Liz;2
Lizi;1
Lois;2
Lola;3
London;1
Lor;1
Lore;3
Loreen;1
Lorelai;1
Loreley;1
Loren;1
Lorena;4
Loretta;1
Lori;1
Lorie;1
Lorin;2
Lotta;19
Lotte;7
Lotti;1
Lou;4
Louann;1
Lou-Ann;1
Louis;1
Louisa;34
Louise;12
Lovis;1
Luai;1
Luana;3
Luca;2
Lucia;13
Luciana;1
Lucie;8
Lucija;1
Lucille;3
Lucretia;1
Lucy;9
Ludovica;1
Luis;1
Luisa;43
Luise;43
Luiza;1
Lumi;1
Luna;18
Lupita;1
Lutvija;1
Luzi;1
Luzia;3
Luzie;2
Lydia;3
Lylian;1
Lylou;1
Lyn;1
Lynette;1
Lynh;1
Lynn;4
Mélissandre;1
Maša;1
Maaida;1
Maame;1
Maanyata;1
Machika;1
Macide;1
Madeleine;3
Madeline;1
Madelyn;2
Madina;1
Madita;2
Mae;1
Magali;1
Magdalena;8
Magdalene;1
Mahin;1
Mai;1
Maia;2
Maie;1
Maila;1
Maira;1
Maja;12
Majla;1
Makiko;1
Maksima;1
Malaika;2
Malak;5
Malú;1
Malea;1
Malena;1
Malia;6
Malie;3
Malika;4
Malin;5
Malina;5
Malina-Nicoll;1
Malou;7
Malu;1
Man;1
Manar;1
Mandy;1
Mandy-Vanessa;1
Manisa;1
Manou;1
Mantua;1
Manuela;1
Mara;8
Maram;1
Marcelina;2
Marcelle;1
Mareen;1
Mareike;1
Maren;1
Marga;1
Margareta;1
Margarete;5
Margarita;1
Margit;1
Margret;1
Maria;110
Maria-Despina;1
Maria-Elena;1
Mariam;8
Maria-Magda;1
Mariana;1
Marianna;1
Marianne;1
Maribel;1
Marica;1
Marie;163
Mariebella;1
Marie-Julie;1
Mariella;3
Marie-Lou;1
Marie-Luise;1
Marie-Madeleine;1
Marie-Sophie;1
Marietta;1
Marilou;1
Marina;5
Marina-Sophia;1
Marine;2
Marisa;1
Marisol;1
Marissa;1
Marit;1
Marla;5
Marleen;5
Marlen;2
Marlena;4
Marlene;34
Marlie;2
Marlien;1
Marlies;1
Marly;1
Maroua;1
Marta;5
Martha;14
Martilda;1
Martina;3
Marva;1
Mary;1
Marya;1
Maryam;11
Mary-Jean;1
Masa;1
Masal;2
Mascha;2
Masume;1
Matea;3
Mateja;1
Mathea;5
Mathilda;28
Mathilde;6
Matilda;19
Matilde;1
Matina;1
Matisa;1
Matylda;1
Maura;1
Mavie;1
Maxi;1
Maxima;1
Maxime;1
Maximilia;2
Maximilian;1
Maximiliane;1
Maxine;1
May;5
Maya;22
Mayar;1
Maya-Sofia;1
Mayfair;1
Mayla;3
Maylin;1
Maysa;1
Maysaa;1
Maysoon;1
Mayssae;2
Mayu;1
Mea;1
Meara;1
Mechtild;1
Medina;4
Mei;1
Melanie;3
Melanya;1
Melat;1
Melek;7
Melia;1
Melika;1
Melike;1
Melin;1
Melina;14
Melinda;1
Melis;3
Melisa;4
Melissa;5
Meliya;1
Melodie;1
Melody;3
Melyna;1
Meng;1
Mercedeh;1
Mercedes;2
Merle;4
Merve;1
Meryem;10
Meryem-Hatice;1
Mesk;1
Metodieva;1
Meyra;2
Meyra-Gül;1
Mia;60
Mia-Amy;1
Mia-Jolie;1
Mia-Marie;1
Mia-Sophie;2
Michaela;5
Michelina;1
Michelle;5
Mihaela;1
Mihailova;1
Mihrimah;2
Mika;3
Miko;1
Mila;39
Milana;5
Milena;8
Mili;1
Milia;1
Milina;1
Milla;3
Milli;1
Million;1
Milly;1
Milou;1
Mimi;3
Mimmi;1
Mina;10
Mina;1
Minel;1
Ming;1
Minh;1
Minna;1
Minou;2
Minu;1
Mira;27
Miracle;1
Miral;1
Miranda;1
Miray;5
Miray-Nayla;1
Miray-Nur;1
Mirella;1
Miriam;4
Mirjam;1
Mirjana;1
Mirka;1
Mirna;1
Mirveta;1
Mirxhivone;1
Miyu;1
Miyuki;1
Mizuki;1
Moana;1
Moe;1
Mohamad;1
Mohamed;2
Momo;1
Mona;3
Monifa;1
Monika;6
Monique;3
Morgan;1
Morgane;1
Morrighan;1
Moustafa;1
Muddassir;1
Mukhamedovna;1
Munachi;1
Musaevna;1
Mutesi;1
Muzaffarovna;1
Myla;1
Myriam;1
Naa;1
Nada;2
Nadia;1
Naemi;2
Nafas;1
Nahla;1
Naida;1
Naila;2
Naima;1
Naina;1
Naira;1
Nalia;1
Nami;1
Naminata;1
Nanyongo;1
Naomi;3
Naomi-Zoé;1
Nas;1
Nasila;1
Nastasia;1
Nastia;1
Natali;1
Natalia;2
Natalia-Alina;1
Natalie;3
Natalina;1
Naya;2
Nayla;3
Naz;2
Nazlija;1
Ndeye-Anna;1
Nedelcheva;1
Neele;2
Nefeli;2
Negin;1
Nela;3
Nele;15
Nelia;1
Neroz;1
Nessrin;1
Neva;1
Nevada;1
Nevia;1
Nevin;1
Neyla;1
Ngọc;1
Ngoc;1
Nia;2
Niah;1
Niamh;1
Niaz;1
Nicole;5
Nicolealessia;1
Nidhan;1
Nihal;2
Nihan;2
Nika;2
Nike;2
Nikita;1
Nikole;1
Nikolette;1
Nil;2
Nila;2
Nina;2
Nirmin;1
Nisa;4
Nisanur;1
Nissrine;3
Nitya;1
Niusha;1
Nnkem;1
Noa;3
Noëlle;1
Noéla;1
Noah;1
Noela;1
Noella;1
Noemi;5
Noemie;1
Noha;1
Nola;2
Nora;18
Norah;1
Nour;4
Noura;1
Nova;2
Novalee;1
Novalie;1
Nozomi;1
Nur;6
Nura;1
Nuria;1
Nury;1
Nyiramatama;1
Nyssa;1
Nzumba;1
Ohemaa;1
Olivia;14
Orchan;1
Orphelia;1
Orselda;1
Osarowenyeke;1
Osasenaga;1
Osei;1
Osemudiamen;1
Othman;1
Oumnia;1
Ourania;1
Palina;4
Pardis;1
Patricia;2
Patrizia;1
Paula;23
Paulin;1
Paulina;23
Pauline;23
Paulsdóttir;1
Penda;1
Penelope;1
Peppa;1
Petronella;1
Pheline;2
Philea;1
Philin;1
Philina;1
Philine;5
Philioema;1
Philipa;1
Philippa;15
Phuong;1
Pia;11
Pina;3
Polina;2
Polyxeni;1
Prisca;1
Pritam;1
Priya;1
Profira;1
Qi;1
Qixin;1
Quinn;3
Rabia;1
Rabiya;1
Rachel;2
Raghavi;1
Rahaf;1
Rahel;2
Raisa;2
Rallia;1
Rani;1
Rania;6
Ranja;1
Ranva;1
Ranya;1
Raphaela;2
Raruka;1
Rayhana;1
Raysa;1
Rebeca;2
Rebecca;8
Rebecca-Stefanie;1
Regina;4
Rehmat;1
Rena;1
Renée;1
Renate;1
Resmija;1
Retaj;1
Reza;1
Rhea;1
Rhein;1
Rhita;1
Ria;2
Ridwaan;1
Rihanna;1
Riko;1
Riley;2
Rima;1
Rimas;1
Rina;1
Rinad;1
Rinrada;1
Rita;2
Ritaj;1
Rital;2
Riya;1
Roaslie;1
Robyne;1
Rodayna;1
Rodriga;1
Romaissa;1
Romanìvna;1
Romi;4
Romy;16
Ronika;1
Ronja;5
Ronya;1
Roqia;1
Roqye;1
Rosa;11
Rosalie;7
Rose;10
Rosha;1
Rosi;1
Roslen;1
Roslin;1
Roumaissae;1
Ruža;1
Ruby;1
Ruhana;1
Ruixi;1
Rukajja;1
Rukaya;1
Rumaisa;1
Ruo;1
Ruohan;1
Ruth;2
Ruyi;1
Süheda;1
Sümeya;1
Sabina;1
Sabrija;1
Sabrina;1
Sadhana;1
Safa;1
Safaa;1
Safae;1
Safia;4
Safiya;2
Safiyya;2
Sahar;1
Sahra;1
Saja;1
Sakija;1
Sakura;1
Sakyi;1
Salimatou;1
Salina;1
Sally;1
Salma;1
Salome;2
Salsabil;1
Samantha;1
Samar;2
Samera;1
Samina;1
Samira;2
Samiya;1
Sana;2
Sandra;2
Sanja;2
Sannche;1
Sanvi;1
Sara;18
Sara-Evelyn;1
Sarah;20
Sarahfina;1
Saran;1
Saranda;1
Sarina;1
Saroya;1
Saya;2
Sayime;1
Scarlett;1
Schan;1
Schems;1
Sehajpreet;1
Seher;1
Selena;2
Selin;2
Selina;3
Selini;1
Selma;7
Selvinaze;1
Sema;1
Semra;1
Sena;3
Senta;1
Serra;1
Serwaa;1
Seryn;1
Sevgi;1
Sevin;1
Seycamal;1
Seyede;1
Shadia;1
Shaha;1
Shahad;1
Shahnsy;1
Shaima;1
Sham;1
Shantel;1
Shanvi;1
Sharkhanovna;1
Sharon;1
Sherin;1
Sherry;1
Sherwan;1
Shewa;1
Shiraz;1
Shirin;2
Shitong;1
Shnissa;1
Shriya;1
Siân;1
Sidra;2
Sieglinde;1
Siena;1
Silke;1
Silwana;1
Silya;1
Simay;1
Simona;1
Simone;1
Sina;2
Sirin;1
Sity;1
Siya;1
Sladjana;1
Smilla;4
Snezana;1
Soe;1
Sofía;1
Sofhia;1
Sofia;44
Sofie;7
Sofija;1
Soha;1
Sohaila;1
Sol;2
Sola;1
Solana;1
Solea;2
Solin;1
Sonia;2
Sophia;67
Sophie;144
Sophie-Marie;1
Sophie-Michelle;1
Sora;1
Souad;2
Soujoud;1
Soumaya;1
Souri;1
Sowmiya;1
Stéphanie;1
Stana;1
Stefania;2
Stefanie;3
Stefanova;1
Stella;15
Stephanie;3
Stephene;1
Stine;1
Su;10
Subira;1
Succes;1
Sue;3
Suheila;1
Suhrobçonovna;1
Suka;1
Sukhmani;1
Sumeja;1
Summer;2
Sundus;1
Susana;2
Susanne;3
Suse;1
Suzan;1
Svea;2
Syeda;1
Sylla;1
Sylvia;2
Sylvie;1
Sylwia;1
Tabea;2
Tadjia;1
Taiba;1
Taissja;1
Talat;1
Talia;4
Taliah;1
Taliya;1
Taliyah;1
Talya;1
Talyn;1
Tamina;2
Tanja;3
Tano;1
Tara;3
Tasnim;6
Tata;1
Tatiana;1
Tayyibah;1
Teresa;4
Tess;3
Tessa;3
Thanjira;1
Thea;14
Theda;1
Theodora;3
Theresa;20
Therese;5
Theresia;4
Thessa;1
Thora;1
Thy;1
Tian;1
Tiana;3
Tianle;1
Tiantian;1
Tiara-Coco;1
Tihomirova;1
Tijana;2
Tilda;10
Tilia-Lotta;1
Tina;2
Tiziana;1
Tojiddinovna;1
Toni;2
Toshani;1
Tram;1
Trinity;2
Troja;1
Tsambika;1
Tsubasa;1
Tuana;1
Tue;1
Urealla;1
Ursula;4
Véronique;1
Vaiana;1
Valérie;1
Valbona;1
Valentina;17
Valentine;1
Valeria;3
Valerie;3
Valerina;1
Vanessa;5
Vasiliki;3
Vayana;1
Venicia;1
Vera;5
Verena;3
Veronika;4
Vesna;2
Victoria;28
Victoria-Nel;1
Victory;1
Viktoria;22
Villö;1
Viola;2
Viola;1
Violetta;1
Virginia;2
Vironika;1
Vittoria;2
Vivien;4
Vivienne;1
Vladislava;1
Volodymyrivna;1
Von;1
Wanda;3
Wassila;1
Weineshet;1
Wian;1
Wiktoria;1
Wilhelmine;2
Wilma;3
Wiltrud;1
Wu-Mei;1
Xenia;6
Xi;2
Xiaotian;1
Xin;1
Xing-Ya;1
Xinya;1
Xinyuan;1
Xinyue;1
Xinzhi;1
Xi-Yao;1
Xiyu;1
Ya;1
Yüsra;1
Yaël;1
Yağmur;2
Yade;1
Yahya;1
Yajing;1
Yalda;1
Yao;1
Yara;6
Yaren;2
Yasamin;1
Yashaswi;1
Yasmin;9
Yasmine;1
Yassine;1
Yawei;1
Yazdin;1
Ye;1
Yeonah;1
Yeon-Ji;1
Yifei;1
Yijia;1
Yilai;1
Yilin;1
Yiling;1
Yin;1
Yiwei;1
Ylvi;1
Yoana;1
Yoko;1
Yolanda;1
Yorsaliem;1
Yousra;3
Youssra;2
Youzi;1
Yu;2
Yudzhel;1
Yui;1
Yuki;1
Yukino;1
Yumi;1
Yumo;1
Yuna;4
Yuri;1
Yuriko;1
Yurou;1
Yusra;3
Yve;2
Yzza;1
Zümra;5
Zafija;1
Zana;1
Zaur;1
Zaynab;1
Zehra;1
Zeinab;2
Zelda;1
Zermariam;1
Zeyad;1
Zeynab;1
Zeynep;7
Zhana;1
Zhuoyi;1
Zi;2
Zieba;1
Ziling;1
Zina;1
Zitong;1
Zitra;1
Zlatinka;1
Zoèy;1
Zoë;1
Zoé;5
Zoe;16
Zoe-Marie;1
Zoe-Sophie;1
Zoey;3
Zoey-Sophie;1
Zofia;2
Zohaa;1
Zohra;1
Zoi;3
Zomorda;1
Zora;1
Zorka;1
Zuzanna;2
